username,full_name,twitter_url,tweet_text,tweet_time,number_of_likes,no_of_retweets,no_of_replies,mentions,no_of_mentions,hashtags,no_of_hashtags,call_to_action,image_url
osramcom,OSRAM,https://twitter.com/OsramCOM/status/1301090740374700037,"""#OSRAM‚Äôs #smart #textile lighting does not need an external light source to develop its full radiant power. That‚Äôs why technicians of #Shenzhen Bao ‚Äôan International Airport upgraded their uniforms with #OSRAM‚Äôs active LED modules and work safer from now on. #OccupationalSafety‚Ä¶ https",2020-09-02 02:33:00,"2,639",138,2,,0,OSRAM | smart | textile | Shenzhen | OSRAM | OccupationalSaf,6,,https://pbs.twimg.com/media/Eg5HnZjXYAAGmPe.jpg
merakitp,Meraki,https://twitter.com/merakitp/status/1300185525085642753,"""Playeras de Cactus y Suculentasüå∏üåµ‚ù£üòú
Agrega a tu playera la frase de tu agrado y hazla √∫nica
Color",2020-08-30 14:36:00,,,0,,0,,0,,
nowgeekoficial,Now Geek,https://twitter.com/NowGeekoficial/status/1300449460858753025,"""Curtiram‚ùìComentem com o seu emoji preferido‚ùóüé®üí• 
„Ää Incr√≠vel trabalho / Por - DYD2WPMNUSHI (D√∂uyin) üë®‚Äçüé®
.
.
#NowGeek #Arte #Artes #Art #Arts #Tela #Praia #Mar #Tintas #Instaarte #Instaart #Desfloprave #thaismetodox https",2020-08-31 08:04:00,,,0,,0,NowGeek | Arte | Artes | Art | Arts | Tela | Praia | Mar | Tintas | Instaarte | Instaart | Desfloprave | thaismetodox,13,,
infotextil,Info@Textil,https://twitter.com/InfoTextil/status/1302732306541576192,"""Qui√©n es la dise√±adora de Tierra del Fuego que fue premiada en Hong Kong ~ https",2020-09-06 15:16:00,,,0,,0,,0,,https://pbs.twimg.com/media/EhQ8IPmXkAAZn7y.jpg
ciudadelfuturo,Ciudades del Futuro,https://twitter.com/ciudadelfuturo/status/1302547088899629056,"""üôÑ Adivina, #adivinanza",2020-09-06 03:00:00,6,,0,,0,adivinanza,1,,https://pbs.twimg.com/media/Eg0-dquWoAM477G.jpg
nyce_mx,NYCE S.C.,https://twitter.com/NYCE_MX/status/1301595076234113024,"""La Unidad de Verificaci√≥n de Informaci√≥n Comercial NYCE cuenta con la acreditaci√≥n y la aprobaci√≥n para colaborar con la Industria #Textil, conforme la",2020-09-03 11:57:00,,,0,,0,Textil,1,,https://pbs.twimg.com/media/EhArhKkVgAEXzmS.jpg
infotextil,Info@Textil,https://twitter.com/InfoTextil/status/1302950999703859202,"""‚ÄúRegalan‚Äù los alquileres por crisis",2020-09-07 05:45:00,1,,0,,0,,0,,https://pbs.twimg.com/media/EhUDB3qXsAY4BmU.jpg
grillo_grillo1,Grillo SERIGRAFIA,https://twitter.com/grillo_grillo1/status/1303010283888271360,"""üëëüí¶ TOALLAS PERSONALIZADAS ‚ù§Ô∏èüí¶ 

üì±üì± 951 607 37 87  üì±üì± 

ü¶óüí¶ #grilloplayeras  ü¶óüí¶ 
.
‚ùå toallas personalizadas para ti empresa o negocio   üòä

üëâüèº #playera #taza #invitacion #toallas #alberca #gimnasio #gym #hotel #restautant #serigrafia #sublimacion #textil #artesanal üëëüí¶‚Ä¶ https",2020-09-07 09:40:00,,,0,,0,grilloplayeras | playera | taza | invitacion | toallas | alberca | gimnasio | gym | hotel | restautant | serigrafia | sublimacion | textil | artesanal,14,,https://pbs.twimg.com/media/EhU4zJiWkAAIImC.jpg
grupoekamat,Ekamat,https://twitter.com/GrupoEkamat/status/1302904728439926786,"""¬øTienes dudas sobre nuestro #ERP #textil? Algunas de las preguntas m√°s frecuentes aqu√≠",2020-09-07 02:41:00,3,,0,,0,ERP | textil,2,,https://pbs.twimg.com/media/EhTY8dFXYAAm9AK.jpg
bauforschung,Bauforschung aktuell,https://twitter.com/Bauforschung/status/1301175101593976832,"""Der Bau des ersten adaptiven Hochhaus der Welt schreitet voran üòÄ
‚û°Ô∏è#Forschungsprojekt des #SFB1244 am ILEK der @Uni_Stuttgart
üåêhttps",2020-09-02 08:08:00,4,2,2,Uni_Stuttgart,1,Forschungsproje | SFB1244,2,,https://pbs.twimg.com/media/Eg6rQgOXgAA3jUE.jpg
jpmaisonnave,Juan P. Maisonnave,https://twitter.com/jpmaisonnave/status/1302986200773521413,"""Hoy le pedimos responsabilidad y sentido com√∫n a la Comisi√≥n Especial de Reactivaci√≥n Economica para que los comercios de #textil e #indumentaria de @munimardelplata puedan atender al cliente dentro del local cumpliendo los protocolos previstos para esta modalidad @gmontenegro_ok‚Ä¶ https",2020-09-07 08:04:00,9,3,0,munimardelplata | gmontenegro_ok,2,textil | indumentaria,2,,https://pbs.twimg.com/media/EhUjCcGWAAECsbj.jpg
emprenemjunts,Emprenemjunts,https://twitter.com/emprenemjunts/status/1301920557269757953,"""üßµü•æ @aitex_es  aplica la industria creativa a los sectores tradicionales del #Textil, #Calzado y #Cuero del Mediterr√°neo https",2020-09-04 09:30:00,,,0,aitex_es,1,Textil | Calzado | Cuero,3,,
inforetailnews,Revista info RETAIL,https://twitter.com/InforetailNews/status/1302924140647780353,"""#Moda üëó - Primark abrir√° cuatro nuevas #tiendas en Espa√±a üõçÔ∏è. La firma #textil prev√© #facturar 2.000 millones de libras desde la reapertura hasta el final del ejercicio https",2020-09-07 03:58:00,,,0,,0,Moda | tiendas | textil | facturar,4,,
lacesindustria,LACES Econom√≠a Social - Industria 4.0,https://twitter.com/lacesindustria/status/1302952282867326979,"""üëó Roupa impresa en #3D, antibacteriana e traxes de ba√±o intelixentes",2020-09-07 05:50:00,,,0,,0,3D,1,,
belden_trixi,Maria Kruse ‚Ä¢ NDS,https://twitter.com/belden_trixi/status/1301142861581352960,"""#Modedesigner sein? Die 4er toben sich gerade in #Textil mit meiner Stofftasche aus. Die Papprohlinge sind √ºbrigens bewusst wei√ü gehalten, da so jede #Hautfarbe individuell gew√§hlt werden kann. Die fertigen Puppen dienen dann f√ºr #stopmotionfilme. #primaredu #stoffliebe #digital‚Ä¶ https",2020-09-02 06:00:00,17,2,1,,0,Modedesigner | Textil | Hautfarbe | stopmotionfilme | primaredu | stoffliebe | digital,7,,https://pbs.twimg.com/media/Eg6Wg4lXkAIwPbM.jpg | https://pbs.twimg.com/media/Eg6Wg4qX0AEWCHG.jpg | https://pbs.twimg.com/media/Eg6Wg4vXgAE4X5F.jpg | https://pbs.twimg.com/media/Eg6Wg5yX0AAhiLN.jpg
diffusion_sport,Diffusion Sport,https://twitter.com/Diffusion_Sport/status/1303002611197636608,"""Los #datos de @NPDSports @npdgroup muestran una ca√≠da del #calzado y del #textil pero un considerable aumento del #ciclismo y de los #accesorios https",2020-09-07 09:10:00,,1,0,NPDSports | npdgroup,2,datos | calzado | textil | ciclismo | accesorios,5,,
capitalhumano00,Capital Humano,https://twitter.com/capitalhumano00/status/1301566242982068225,"""Buscamos Asistente de Dise√±o Textil para importante empresa del rubro. 
‚Å£Si te interesa, mandanos tu CV üì© dg@capitalhumano.com.ar‚Å£
‚Å£
#capitalhumano #ch #trabajo #empleo #oportunidadlaboral #ofertalaboral #recursoshumanos #rrhh #pandemia #empresa #textil #dise√±ador ‚Å£‚Å£#dise√±o‚Ä¶ https",2020-09-03 10:02:00,1,1,0,,0,capitalhumano | ch | trabajo | empleo | oportunidadlabo | ofertalaboral | recursoshumanos | rrhh | pandemia | empresa | textil | dise√±ador | dise√±o,13,,https://pbs.twimg.com/media/EhAXmFBXcAISNZF.jpg
practicalteam,Practical Team,https://twitter.com/PracticalTeam/status/1301476584097042433,"""üëöüåéHoy participamos en la sesi√≥n ""Inicio a la #Internacionalizaci√≥n",2020-09-03 04:06:00,1,,0,,0,Internacionaliz,1,,https://pbs.twimg.com/media/Eg_Fx7fX0AAVIRj.jpg
marina_seoane,Marina Seoane,https://twitter.com/Marina_seoane/status/1303018014938476545,"""Tapiz de alto lizo con forma de flores y hojas realizado en lino, rafia y algod√≥n, con semillas procedentes del Ecuador denominadas ¬´cerebritos¬ª. #artesaniadegalicia #feitoaman #arte #artesan√≠a #textil #tapiz #craftwork #crafts  #textile #tapestry #bohemian #rustic #decoraci√≥n‚Ä¶ https",2020-09-07 10:11:00,,,0,,0,artesaniadegali | feitoaman | arte | artesan√≠a | textil | tapiz | craftwork | crafts | textile | tapestry | bohemian | rustic | decoraci√≥n,13,,https://pbs.twimg.com/media/EhU_MQbXgAElOqf.jpg
canala,Canal(√°),https://twitter.com/canala/status/1301988910659252224,"""Esta #alfombra fundida en lo que luce como un #charco #amorfo de #colores difusos, es una creaci√≥n del artista #textil #FAIGAHMED, en ella se vale de enredos, puntadas fallidas y distorsiones en sus telares, DUDAS #DOUBTS es una pieza de arte de #cuarentena desde Bak√∫ Azerbaiy√°n‚Ä¶ https",2020-09-04 14:02:00,4,,0,,0,alfombra | charco | amorfo | colores | textil | FAIGAHMED | DOUBTS | cuarentena,8,,
tvuniversidad,TVU,https://twitter.com/TvUniversidad/status/1301599572716912640,"""#RadioVista ‚Ä¢ Desde la Red #Textil Cooperativa contaron en @LaPlataRadio su rol fundamental en la realizaci√≥n de #kits sanitarios en el marco de la pandemia üò∑‚Ä¶ https",2020-09-03 12:14:00,,1,0,LaPlataRadio,1,RadioVista | Textil | kits,3,,
microstocka,Photo Funding Nature,https://twitter.com/MicrostockA/status/1302852860712022017,"""Delicate flower   #Linum #Bienne #Textil #Industries #Plant #Nature #Beautiful #White #Spain #Color #Green https",2020-09-06 23:15:00,,,0,,0,Linum | Bienne | Textil | Industries | Plant | Nature | Beautiful | White | Spain | Color | Green,11,,
sanitized_ag,SANITIZED AG,https://twitter.com/Sanitized_AG/status/1301455051748237313,"""We are at Cinte Techtextil China at hope to see you there!
Looking for innovative antimicrobial and #antiviral additives for your products? 
Visit our booth E1 E02 and talk to our experts
‚û°Ô∏èhttps",2020-09-03 02:40:00,,,0,,0,antiviral,1,,
,,https://twitter.com/Tomcat972/status/1300095841148047362,"""Si te gusta y tengo #algodon‚Ä¶ """,2020-08-30 08:39:00,1,,0,,0,algodon,1,,
davidvidueiro,David Vidueiro Jim√©nez,https://twitter.com/DavidVidueiro/status/1302973904437342209,"""Las #rebajas apenas levantan las ventas del comercio #textil üëá

üìâ 33% en agosto (incluidas por Internet)
üìâ 41% entre enero y agosto respecto a 2019

üó£ ""A pesar de promociones muy agresivas, el consumo no ha mejorado"" @acotex 

M√°s del 15% de las tiendas siguen cerradas‚Ä¶ https",2020-09-07 07:16:00,2,1,0,acotex,1,rebajas | textil,2,,https://pbs.twimg.com/media/EhUXtolX0AAt2Hf.jpg
cc_montecarmelo,Centro Comercial Montecarmelo OFICIAL,https://twitter.com/CC_Montecarmelo/status/1302162424343269377,"""El #algod√≥n egipcio es un tejido muy resistente, te durar√° much√≠simo porque sus fibras tienen el doble de longitud que las del algod√≥n tradicional üôÇ 
üëâ Doce colores en cuatro tama√±os en Textura Cada ba√±o de un color. Y las de los ni√±os mezclando colores.

#madrid #montecarmelo‚Ä¶ https",2020-09-05 01:31:00,,,0,,0,algod√≥n | madrid | montecarmelo,3,,https://pbs.twimg.com/media/EhI10xyXkAARoJ9.jpg
trumatejidos,truma Tejidos,https://twitter.com/TRUMATEJIDOS/status/1300067874317402117,"""Proyectemos un Domingo en donde quisieramos estar... todo pasa mis lindas y volveremos a volar 
Puro algod√≥n  en ruana y  al crochet que tejemos para vos en varios colores.
#algod√≥n #alcrochet #todoelpais‚Ä¶ https",2020-08-30 06:48:00,,,0,,0,algod√≥n | alcrochet | todoelpais,3,,
,,https://twitter.com/alfonsogamaa/status/1301628178343944192,"""Muy honrado de tener la posibilidad de platicar con @arista_cecilia sobre la importancia de las coberturas para el #Algod√≥n.‚Ä¶ https",2020-09-03 14:08:00,3,1,0,arista_cecilia,1,Algod√≥n,1,,
merceriaelarco1,Mercer√≠a El Arc√≥n M√°gico,https://twitter.com/merceriaelarco1/status/1300862317576548352,"""#barbijos #reversible #algodon‚Ä¶ """,2020-09-01 11:25:00,,,0,,0,barbijos | reversible | algodon,3,,https://pbs.twimg.com/media/Eg2XYeFWkAAnyEG.jpg
munagropecuario,Mundo  Agropecuario,https://twitter.com/Munagropecuario/status/1301660586925862912,"""El an√°lisis a largo plazo muestra que el #algod√≥n GM no es rival para los #insectos en India V√≠a @Munagropecuario https",2020-09-03 16:17:00,1,1,0,Munagropecuario,1,algod√≥n | insectos,2,,
fronterainform1,FronteraInformativa,https://twitter.com/FronteraInform1/status/1301677530546663424,"""#R√≠oBravo En #Tamaulipas, cosecha de #algod√≥n al 70 por ciento 
https",2020-09-03 17:24:00,1,,0,,0,R√≠oBravo | Tamaulipas | algod√≥n,3,,
raif_noticias,RAIF_noticias,https://twitter.com/RAIF_noticias/status/1302880552459083777,"""C√°psulas abiertas en el 90% de las parcelas de #algod√≥n de C√°diz. Se recomienda seguimiento del gusano rosado en las parcelas m√°s tard√≠as, con a√∫n c√°psulas receptivas.
#RAIF‚Ä¶ https",2020-09-07 01:05:00,,,0,,0,algod√≥n | RAIF,2,,https://pbs.twimg.com/media/EhTC9T9WkAACgL9.jpg
ulisesmerida,Ulises M√©rida,https://twitter.com/UlisesMerida/status/1302860728966287360,"""Hoy presento una colecci√≥n c√°psula que pretende ser un homenaje a las cosas y personas a las que s√≥lo hemos dado valor en los momentos m√°s cr√≠ticos.  #semanadelamoda #algod√≥n‚Ä¶ https",2020-09-06 23:46:00,7,,0,,0,semanadelamoda | algod√≥n,2,,
123pormex,123pormex,https://twitter.com/123porMex/status/1303009800742109184,"""Hola. Si tienen tela que puedan brindar a #donaci√≥n, estamos ocupando para hacer #cubrebocas para apoyar a un #comedor necesitado. Pueden mandarnos dm para  +informaci√≥n. 
¬°Gracias!
#RT
#telas #gabardina #tergal #algodon #popelina #bramante #123pormex #CDMX #Mexico #COVID19mx‚Ä¶ https",2020-09-07 09:38:00,,1,0,,0,donaci√≥n | cubrebocas | comedor | RT | telas | gabardina | tergal | algodon | popelina | bramante | 123pormex | CDMX | Mexico | COVID19mx,14,,https://pbs.twimg.com/media/EhU4ge9WoAAWwrW.jpg
orgullososdjaen,Orgullosos de Ja√©n,https://twitter.com/OrgullososdJaen/status/1302865973779857408,"""üîùüîù ¬øSab√≠as que Ja√©n es un importante productor de algod√≥n? 

Esta campa√±a se espera que la provincia produzca 12.358 toneladas de este producto https",2020-09-07 00:07:00,6,1,0,,0,,0,,
sanaagencia,Agencia siria SANA,https://twitter.com/SanaAgencia/status/1301967971099856898,"""#Hasakeh producir√° este a√±o 15 mil toneladas de #algod√≥n

Detalles",2020-09-04 12:38:00,3,3,0,,0,Hasakeh | algod√≥n,2,,https://pbs.twimg.com/media/EhGE9yJX0AUxwBP.jpg
munagropecuario,Mundo  Agropecuario,https://twitter.com/Munagropecuario/status/1301267847067377664,"""Desarrollan un sistema que aprovecha la #electricidad producida por las #hojas de las #plantas V√≠a @Munagropecuario https",2020-09-02 14:16:00,6,4,0,Munagropecuario,1,electricidad | hojas | plantas,3,,
unicocoyoacan,√önico Coyoac√°n,https://twitter.com/UnicoCoyoacan/status/1301198873252171777,"""En el centro de tu #ser tienes la respuesta",2020-09-02 09:42:00,3,,0,,0,ser,1,,https://pbs.twimg.com/media/Eg7JeVOXgAA01s5.jpg | https://pbs.twimg.com/media/Eg7JeVpXcAAegW5.jpg | https://pbs.twimg.com/media/Eg7JeWOXgAAixWC.jpg
miraloypidelo,Miralo y Pidelo,https://twitter.com/miraloypidelo/status/1300258191301771266,"""-
-
-
-
-

#miraloypidelo #30agosto #ropajuvenil #kumbalu #soycumbalu #kumbaluccs #ropabrazilera #algodon #comprasonline #comprasseguras #pagosonlineüí≥üí≤üíµ #zelle #deliveryüí∞ #quedateencasa #qu√©dateencasa en Caracas,‚Ä¶ https",2020-08-30 19:24:00,1,1,0,,0,miraloypidelo | 30agosto | ropajuvenil | kumbalu | soycumbalu | kumbaluccs | ropabrazilera | algodon | comprasonline | comprasseguras | pagosonline | zelle | delivery | quedateencasa | qu√©dateencasa,15,,
farmaconfort,FARMAconfort,https://twitter.com/farmaconfort/status/1302964689819836417,"""Ese picor‚Ä¶ ese horrible picor. 

Presente tanto de d√≠a como de noche. 

¬øHas pensado alguna vez qu√© es lo que lo puede originar? 

La sangre no huele ni pica. Pero...
https",2020-09-07 06:39:00,2,1,0,,0,,0,,https://pbs.twimg.com/media/EhUPVhEXcAME8LN.jpg
raif_noticias,RAIF_noticias,https://twitter.com/RAIF_noticias/status/1301826406998040577,"""Presentado el aforo de producci√≥n de #algod√≥n en Andaluc√≠a 2020-2021 por @AgriculturAnd , en una campa√±a de buena nascencia, aunque con resiembra por lluvias en las parcelas tard√≠as.
https",2020-09-04 03:16:00,,2,0,AgriculturAnd,1,algod√≥n,1,,https://pbs.twimg.com/media/EhEEN7IXcAoQcnc.jpg
gensusarg,Gensus SA,https://twitter.com/GensusArg/status/1302244839426269184,"""Ten√©s alguna duda o consulta sobre las nuevas variedades de INTA?üßê
Descargate las fichas t√©cnicas de cada variedad y cont√°ctate con nuestro equipo comercial y t√©cnico.
üëâ https",2020-09-05 06:58:00,4,1,0,,0,,0,,https://pbs.twimg.com/media/EhKAdrgX0AAkZ5D.jpg
360streetwear,360*STREETWEAR,https://twitter.com/360STREETWEAR/status/1301354894109147136,"""P0W3R T0 4LL TH3 4N1M4LS...!!!üê∂üê∂üê∂‚ù§Ô∏è‚ù§Ô∏è‚ù§Ô∏è by @cristina_abad 
.
.
.
#powertoallthepeople #360str33tw34r #tshirt #camiseta #instagram #algodon #cotton #surf #skate #snowboard #southofspain #streetwear #ropadecalle‚Ä¶ https",2020-09-02 20:02:00,,,0,cristina_abad,1,powertoallthepe | 360str33tw34r | tshirt | camiseta | instagram | algodon | cotton | surf | skate | snowboard | southofspain | streetwear | ropadecalle,13,,
hchtelevdigital,HCH Televisi√≥n Digital,https://twitter.com/HCHTelevDigital/status/1301537860089253888,"""As√≠ luce el muelle de #Tela esta ma√±ana luego de paso de #Nana por la costa norte, desde el lugar nos comparte estas bellas postales la periodista #IngridVillalobos #HCHNoticias‚Ä¶ https",2020-09-03 08:09:00,7,,7,,0,Tela | Nana | IngridVillalobo | HCHNoticias,4,,https://pbs.twimg.com/media/Eg_9Nf0XYAAO92W.jpg | https://pbs.twimg.com/media/Eg_9fyMXsAAyZUR.jpg | https://pbs.twimg.com/media/Eg_9g8nWAAIegCg.jpg
aupateatro,A√∫pa Teatro #talleronline #relatoaudiovisual,https://twitter.com/aupateatro/status/1302972234596847618,"""Los #viernes a partir del pr√≥ximo 11/09 saben a #trapecio y #tela con las clases de #t√©cnica y #coreograf√≠a de #carolinatouceda en el barrio de #embajadores #√∫ltimasplazas https",2020-09-07 07:09:00,,,0,,0,viernes | trapecio | tela | t√©cnica | coreograf√≠a | carolinatouceda | embajadores | √∫ltimasplazas,8,,https://pbs.twimg.com/media/EhUWTaGXsAEZ2K4.jpg
policiahonduras,Polic√≠a Nacional de Honduras,https://twitter.com/PoliciaHonduras/status/1301283516743929856,"""Polic√≠as en #Tela, Atl√°ntida, realizan limpieza en el cementerio San Jos√©‚Ä¶ """,2020-09-02 15:19:00,2,,1,,0,Tela,1,,https://pbs.twimg.com/media/Eg8WYrhXsAIeo-S.jpg | https://pbs.twimg.com/media/Eg8WYrlWAAA_Crd.jpg | https://pbs.twimg.com/media/Eg8WYslWsAAmVBR.jpg
tiendingtopic,Tiending Topic,https://twitter.com/tiendingtopic/status/1300191608957267974,"""5 Metros de TNT,  TST,  Tejido no Tejido Blanco de -19% pasa de 14.88 ‚Ç¨ a 12.00 ‚Ç¨ y te ahorras 2.88 ‚Ç¨ #tela #blanco #tejido
A√±adir a carrito Amazon",2020-08-30 15:00:00,,,0,,0,tela | blanco | tejido,3,,https://pbs.twimg.com/media/Egs1YPBWoAAUYuj.jpg
policiahonduras,Polic√≠a Nacional de Honduras,https://twitter.com/PoliciaHonduras/status/1301258488329445377,"""#AHORA

Se reportan fuertes vientos y oleaje pasivo en la zona costera de #Tela, Atl√°ntida, y se esperan lluvias en las pr√≥ximas horas, tomar todas las medidas de precauci√≥nüåßÔ∏è#TormentaTropicalNana 

(Video cortes√≠a de la periodista Larissa Prietoü§≥)‚Ä¶ https",2020-09-02 13:39:00,10,,0,,0,AHORA | Tela | TormentaTropica,3,,
_alveskarina,Karina Alves,https://twitter.com/_AlvesKarina/status/1302296225761329152,"""YouTube formando artistas ‚ù§Ô∏è
By Karina Alves
#Quadro #Pintura #Tela #Paisagem #Moldura #quadrosdecorativos #pordosol #luacheia #Quarentena #inspira√ß√£o #youtube em Rio de Janeiro, Rio de Janeiro https",2020-09-05 10:23:00,1,,0,,0,Quadro | Pintura | Tela | Paisagem | Moldura | quadrosdecorati | pordosol | luacheia | Quarentena | inspira√ß√£o | youtube,11,,
tiendingtopic,Tiending Topic,https://twitter.com/tiendingtopic/status/1302887084202622982,"""Mascarilla de Tela Homologada Reutilizable Negra por 13.99 ‚Ç¨ Haz ‚ô• y te avisamos cuando baje. #mascarilla #tela
A√±adir a carrito Amazon",2020-09-07 01:31:00,1,,0,,0,mascarilla | tela,2,,https://pbs.twimg.com/media/EhTI5jvWoAE87Y0.jpg
marihperronio,marih perroni,https://twitter.com/marihperronio/status/1302798224193880068,"""Quadro ‚Äúo p√¥r do sol ‚Äú | sess√£o pintura em tela.

#marihperroni #tela #quadro #pinturaemtela #paintersofinstagram #paintjob #paintingüé® #pinturaoleo #pinturacontemporanea #pinturaam√£o #pinturaacr√≠lica‚Ä¶ https",2020-09-06 19:37:00,,,0,,0,marihperroni | tela | quadro | pinturaemtela | paintersofinsta | paintjob | painting | pinturaoleo | pinturacontempo | pinturaam√£o | pinturaacr√≠lica,11,,
zahyguajajara,Zahy Guajajara,https://twitter.com/zahyguajajara/status/1301878778470293504,"""Tela pintada com urucum, capim seco mo√≠do e tinha acr√≠lica. 
#tela #art #arteind√≠gena #pintura #tintasnaturais #Peixes #urucum‚Ä¶ https",2020-09-04 06:44:00,2,,1,,0,tela | art | arteind√≠gena | pintura | tintasnaturais | Peixes | urucum,7,,
veronicadelcarp,Ver√≥nica del Carpio,https://twitter.com/veronicadelcarp/status/1301186648890376193,"""A ver c√≥mo lo digo.
Hay que quitarse de encima de una vez el Concordato. Para ocultar los privilegios jur√≠dicos de la Iglesia cat√≥lica se han admitido  otros matrimonios religiosos adem√°s del cat√≥lico en vez de poner un √∫nico matrimonio civil. ¬øY Educaci√≥n la misma linea? #Tela‚Ä¶ https",2020-09-02 08:54:00,75,37,2,,0,Tela,1,,
martabll,Marta Bernardo,https://twitter.com/martabll/status/1301938745164410889,"""la prensa internacional se hace eco de la nefasta gesti√≥n del coronavirus de Ayuso y se pregunta si Madrid es la puerta de la segunda ola de COVID en Espa√±a y Europa #TELA ! https",2020-09-04 10:42:00,11,14,0,,0,TELA,1,,
veronicadelcarp,Ver√≥nica del Carpio,https://twitter.com/veronicadelcarp/status/1300700360395370496,"""La vicepresidenta del Gobierno, adem√°s profesora de D. Constitucional, NO sabe que la Ley de Presupuestos NO es ley org√°nica y NO necesita mayor√≠a absoluta. ¬øEn serio est√°n negociando los presupuestos sin saber qu√© mayor√≠a es precisa? #Tela

https",2020-09-01 00:41:00,230,128,17,,0,Tela,1,,
blockchainnewsm,Blockchain.News,https://twitter.com/BlockchainNewsM/status/1301011642256293889,"""@elonmusk confirmed that Tesla was recently targeted in a ransomware attack set to extort $1 million in Bitcoin from the car manufacturing giant.
 
#bitcoin #ransomware #tela #billionaire #extortion #BTC #FBI #Winklevoss

https",2020-09-01 21:18:00,2,2,0,elonmusk,1,bitcoin | ransomware | tela | billionaire | extortion | BTC | FBI | Winklevoss,8,,
jouzette,jouzette,https://twitter.com/jouzette/status/1302357304923361280,"""La Consellera es vol explicar i la Rahola li diu",2020-09-05 14:25:00,8,4,0,,0,,0,,
ajmembreno,AJ Coco's mom ,https://twitter.com/AJMembreno/status/1302323470303408133,"""Tela ‚ù§Ô∏è LOVED diving here. #Tela #Honduras #Diving #scuba #reef #tourism https",2020-09-05 12:11:00,1,1,0,,0,Tela | Honduras | Diving | scuba | reef | tourism,6,,
maryhigley1,"Yours, Occasionally",https://twitter.com/maryhigley1/status/1301362443994750977,"""NEW to my #etsy shop",2020-09-02 20:32:00,,1,0,,0,etsy,1,,https://pbs.twimg.com/media/Eg9ePiAX0AAdkE8.jpg
davidingc2,HONG KONG LEADERS,https://twitter.com/davidingc2/status/1301777323566350336,"""Modal is a eco-friend materiasl, it is eco friendly item, please let us know if you are intersted in ? thanks WhatsApp/Line",2020-09-04 00:01:00,,,0,,0,,0,,https://pbs.twimg.com/media/EhDXiw1VoAA-zCS.jpg
albanodante76,Albano-Dante Fach√≠n,https://twitter.com/AlbanoDante76/status/1303028107696201729,"""La ""taula de di√†leg"" amb pres√≥ al fons.
Oli sobre #tela.‚Ä¶ """,2020-09-07 10:51:00,244,111,12,,0,tela,1,,
mariorgaleas,Mario R. Gal√©as,https://twitter.com/MarioRGaleas/status/1301529011047346182,"""Come and see what #GOD has done; how awesome his works.

üìçüåè #Tornabe, #Tela, #Honduras üå¥üåûüòÉüèäüèÑ‚Ä¶ """,2020-09-03 07:34:00,6,3,0,,0,GOD | Tornabe | Tela | Honduras,4,,https://pbs.twimg.com/media/Eg_1vOYXcAE5enw.jpg
murtra_leon,Murtrale√≥n,https://twitter.com/murtra_leon/status/1300494761296629760,"""Nuevo Lanzamiento‚≠êÔ∏è

Murtrale√≥n se complace en presentar los nuevos colores ne√≥n para cintas poli√©ster te√±ida.

Para m√°s informaci√≥n favor de contactar a su ejecutivo de ventas o mandar su mensaje directo a la p√°gina.

#Webbing #Cinta #Colores #Color #Poli√©ster #Polyester‚Ä¶ https",2020-08-31 11:04:00,,,1,,0,Webbing | Cinta | Colores | Color | Poli√©ster | Polyester,6,,https://pbs.twimg.com/media/EgxIpVQX0AQ7nWX.jpg
telasfreigenedo,Almacenes Freigenedo,https://twitter.com/TelasFreigenedo/status/1301493599058698240,"""Tejido de #poli√©ster y #algod√≥n #gris melagne con reverso en #pelito de color blanco. Punto de #sudadera con tacto muy suave y d√≥cil. Tejido c√°lido y con ca√≠da perfecto para la creaci√≥n de prendas invernales.
https",2020-09-03 05:13:00,,,0,,0,poli√©ster | algod√≥n | gris | pelito | sudadera,5,,
telasfreigenedo,Almacenes Freigenedo,https://twitter.com/TelasFreigenedo/status/1300783758036152320,"""Tejido de #poli√©ster con propiedades #hidrofugas y #antebacterianas. #Microfibra ligera con cierto cuerpo, con una cara suave donde lleva el tratado y otra m√°s √°spera, perfecta para la creaci√≥n de productos #sanitarios. 
https",2020-09-01 06:13:00,1,,0,,0,poli√©ster | hidrofugas | antebacterianas | Microfibra | sanitarios,5,,
fer___gonzalez,Fer Gonz√°lez,https://twitter.com/Fer___Gonzalez/status/1302609130457358336,"""Quiero compartir lo √∫ltimo que he a√±adido a mi tienda de #etsy",2020-09-06 07:06:00,,,0,,0,etsy,1,,https://pbs.twimg.com/media/EhPMGdfXgAEvB-y.jpg
click_printing,ClickPrinting,https://twitter.com/Click_printing/status/1300742791081885697,"""Descubre la nueva web de ClickPrinting üîùüîùüîù

üëâ M√°s f√°cil
üëâM√°s r√°pida
y adaptada a todas tus necesidades...

https",2020-09-01 03:30:00,1,,0,,0,,0,,https://pbs.twimg.com/media/Eg0qrO5WoAIlvzj.jpg
,,https://twitter.com/murtra_leon/status/1300494764828241923,"""New Release‚≠êÔ∏è

Murtraleon is pleased to present the new neon colors for dyed polyester webbing.

For more information please contact your sales executive or send a direct message to the page.

#Webbing #Cinta #Colores #Color #Poli√©ster #Polyester‚Ä¶ https",2020-08-31 11:04:00,,,0,,0,Webbing | Cinta | Colores | Color | Poli√©ster | Polyester,6,,https://pbs.twimg.com/media/EgxIqfsWoAAzVrh.jpg
click_printing,ClickPrinting,https://twitter.com/Click_printing/status/1300791803080212483,"""Te presentamos la nueva web de ClickPrinting.

Nueva interfaz, m√°s intuitiva, m√°s eficiente, m√°s accesible.

Desc√∫brenos en

https",2020-09-01 06:45:00,,,0,,0,,0,,
click_printing,ClickPrinting,https://twitter.com/Click_printing/status/1301463740391579648,"""IMPRESIONES DE GRAN FORMATO EN LONAS PUBLICITARIAS PARA EMPRESAS.

https",2020-09-03 03:15:00,,,0,,0,,0,,https://pbs.twimg.com/media/Eg-6X9RWsAEpgW-.jpg
soyjin4,Soy Jin_WH,https://twitter.com/SoyJin4/status/1302105339228192775,"""Quiero leer #Poliester pero quiero leerlo cuando la degu lo termine PERO con los mil rts de la degu me dio curiosidad y no se que hacer ,si no eligen les doy bloq""",2020-09-04 21:44:00,,,2,,0,Poliester,1,,
crh_servicios,Roc√≠o Reina,https://twitter.com/CRH_Servicios/status/1302913014790852608,"""Pulseras de tela de tacto suave, con sistema de cierre ajustable, o inviolable. Personalizaci√≥n a todo color a 1 √≥ 2 caras. #Pulseras #Eventos #Tela #Poli√©ster #Conciertos #ControlDeAcceso #Hermandades #Fiestas #Merchandising #ReclamoPublicitario #Lankamp #YouTuber #CRH_Servicios‚Ä¶ https",2020-09-07 03:14:00,2,,0,,0,Pulseras | Eventos | Tela | Poli√©ster | Conciertos | ControlDeAcceso | Hermandades | Fiestas | Merchandising | ReclamoPublicit | Lankamp | YouTuber | CRH_Servicios,13,,https://pbs.twimg.com/media/EhTgcmZWkAAfuUn.jpg
clusteraeice,AEICE,https://twitter.com/ClusterAeice/status/1301420456705171456,"""‚úÖ ¬øTe gusta conducir? üöó Nunca hab√≠as pensado que los salpicaderos o paragolpes est√°n fabricados con #Poli√©ster Reforzado con #FibradeVidrio #PRFV para ser duraderos y resistentesüèéÔ∏è ¬°En el #Taller4LifeRefibre te lo contamos!
#EconomiaCircular #residuos #innovacion #pavimentos‚Ä¶ https",2020-09-03 00:23:00,3,,1,,0,Poli√©ster | FibradeVidrio | PRFV | Taller4LifeRefi | EconomiaCircula | residuos | innovacion | pavimentos,8,,https://pbs.twimg.com/media/Eg-R2s3XcAUftDi.jpg
clusteraeice,AEICE,https://twitter.com/ClusterAeice/status/1302880352990621696,"""üõ©Ô∏è Volar es un sue√±o cumplido gracias a los aviones ‚úàÔ∏è y al #Poli√©ster Reforzado con #FibradeVidrio #PRFV que hace sus piezas muy resistentes al ataque qu√≠mico, duras y flexibles a la vez üõ∏ Te lo contamos todo en el #Taller4LifeRefibre ¬°A√∫n puedes apuntarte!
#EconomiaCircular‚Ä¶ https",2020-09-07 01:04:00,3,1,1,,0,Poli√©ster | FibradeVidrio | PRFV | Taller4LifeRefi | EconomiaCircula,5,,https://pbs.twimg.com/media/EhTB9S0XYAAvjJW.jpg
ivorywu7,Ivory Wu,https://twitter.com/IvoryWu7/status/1300274659548565504,"""easy cutting with any shape 
whatsapp",2020-08-30 20:30:00,,,0,,0,,0,,
hsiangluni,HsiangLun Industrial,https://twitter.com/HsianglunI/status/1301424137114587139,"""We devote to developing the fabric more eco-friendly, and we are the bluesign partner.

Welcome to contact us",2020-09-03 00:37:00,2,,1,,0,,0,,
bowmaycons,Bowmay Consulting,https://twitter.com/BowmayCons/status/1301764967163666433,"""Who do you know in the Textile sector who needs a new job...?

Please pop their details on the link below, and we'll help them out today!

https",2020-09-03 23:12:00,,,0,,0,,0,,https://pbs.twimg.com/media/EhDMVnkWkAAKbrM.jpg
textilespedia,Textilespedia,https://twitter.com/textilespedia/status/1300102872164564993,"""Curious to know about textile sector? Then take an overview of Textile Industry üëâüèª

https",2020-08-30 09:07:00,2,,0,,0,,0,,
onestrugglesf,One Struggle,https://twitter.com/OneStruggleSF/status/1301535883083087873,"""#Textile workers in #Haiti have to work through #covid19 w/o healthcare b/c #AlainVillard has stolen their payments for years! Officials meant to help them to do the opposite, so they are organizing to help themselves. You can support by donating https",2020-09-03 08:01:00,5,3,1,,0,Textile | Haiti | covid19 | AlainVillard,4,,https://pbs.twimg.com/media/Eg_7-r3WAAEIc8Y.jpg | https://pbs.twimg.com/media/Eg_7-r5WkAEKg2G.jpg | https://pbs.twimg.com/media/Eg_7-r5XcAMbq2o.jpg
bowmaycons,Bowmay Consulting,https://twitter.com/BowmayCons/status/1301406531448172545,"""20 years in recruitment. What‚Äôs it like?
Jessica Dean-Percy shares her views (and a classic pic, which you're not allowed to laugh at...) of how things have changed in recruitment and across the textile & supply chain sectors

#recruitment #textile  ... https",2020-09-02 23:27:00,,,0,,0,recruitment | textile,2,,https://pbs.twimg.com/media/Eg-GV3fXgAUUY5O.jpg
driftnetartsweb,Driftnet Arts,https://twitter.com/driftnetartsweb/status/1302340469385506817,"""New on my website today, mixed media landscapes. Freestanding on a light wood base. Inspired by walks along the Suffolk coastline. Free shipping to UK. #landscape #beach #ocean #driftnetarts #framlingham #textile‚Ä¶ https",2020-09-05 13:18:00,1,,0,,0,landscape | beach | ocean | driftnetarts | framlingham | textile,6,,
en_germany,Deutschland.de | Germany,https://twitter.com/en_germany/status/1302552909629001729,"""+++ German government helps textile industry in developing countries

‚ùó Click here üëâ https",2020-09-06 03:23:00,17,2,0,,0,,0,,https://pbs.twimg.com/media/EhOY98OX0AEwALt.png
puffinpatchwork,Magghi,https://twitter.com/puffinpatchwork/status/1302683000128364546,"""Doing a happy dance as this sold at the Mull of Gallery today ‚ù§Ô∏è
#UKCraftersHour #HandmadeHour #Textile #recycling #textileart #gift #gallery #galloway #Scotland‚Ä¶ https",2020-09-06 12:00:00,11,3,0,,0,UKCraftersHour | HandmadeHour | Textile | recycling | textileart | gift | gallery | galloway | Scotland,9,,https://pbs.twimg.com/media/EhQPSGMWsAYjUfA.jpg
cf_framing,Custom Frames,https://twitter.com/CF_Framing/status/1302881804878336000,"""You might need to look carefully to see the football player in this #batik artwork, but you certainly couldn't miss the finished #framed image at 5ft wide. The image was painted onto #textile, which we stretched onto a wooden frame we had made especially for it.‚Ä¶ https",2020-09-07 01:10:00,1,,0,,0,batik | framed | textile,3,,https://pbs.twimg.com/media/EhTEGN_WAAIfOeh.jpg
thevonwong,Von Wong,https://twitter.com/thevonwong/status/1301188222639370243,"""Last week, Jack Sim talked about mutual exploitation. This week, 4x Ironman @Graham_Ross shows what can be achieved through mutual benefit & curiosity.
Full interview on Impact Everywhere ep 23",2020-09-02 09:00:00,,,0,Graham_Ross,1,,0,,https://pbs.twimg.com/media/Eg6_ywtXYAkRArb.jpg
haqsmusings,Riaz Haq,https://twitter.com/haqsmusings/status/1302816654108180480,"""#Pakistan to Grow #Hemp For #Manufacturing & #Export of #Industrial and #Medicinal Products. It has been used to smoke and to to make ropes, bags and #textile fabrics for centuries. Rope beds, known as charpais, are still a common sight in rural Pakistan. https",2020-09-06 20:51:00,16,6,0,,0,Pakistan | Hemp | Manufacturing | Export | Industrial | Medicinal | textile,7,,https://pbs.twimg.com/media/EhSIx5BUMAEvk7P.jpg
bowmaycons,Bowmay Consulting,https://twitter.com/BowmayCons/status/1302925592548069377,"""A textile that can change and remember its shape
 https",2020-09-07 04:04:00,,,0,,0,,0,,https://pbs.twimg.com/media/EhTr665WkAEHGVl.jpg
mswhol1gan,Heather Hockin ,https://twitter.com/MsWhol1gan/status/1302577453190217729,"""Tonight I'm starting the Caracal cat's iconic ears. Thought of waiting to show you when they were actually done, but I'm just too excited. üê± #artdoll #textile #artshare #crafturday #crafting #Caturday‚Ä¶ https",2020-09-06 05:00:00,10,5,0,,0,artdoll | textile | artshare | crafturday | crafting | Caturday,6,,https://pbs.twimg.com/media/EhOvSkMX0AAss95.jpg
hurmerintaart,Hurmerinta Art,https://twitter.com/HurmerintaArt/status/1302744126551732225,"""This beautiful jungle design is available on my Redbubble shop as #wallart #bags #pillows #showercurtains #cards #coasters #textile #pouches #accessories and #facemasks üòä‚Ä¶ https",2020-09-06 16:02:00,8,10,0,,0,wallart | bags | pillows | showercurtains | cards | coasters | textile | pouches | accessories | facemasks,10,,https://pbs.twimg.com/media/EhRG2-iXYAAl5CS.jpg
jprcitypalace,"City Palace, Jaipur",https://twitter.com/JprCityPalace/status/1302517699629572097,"""~ Royal Textiles At The Jaipur Court  ~

(Late 18th century)‚è≥Ô∏è

Large fragments of a carriage cover of embroidered velvet which once belonged to the royal stores of Amber.. 

#Textile #TextileDesigner #TextileGallery #MSMSIIMuseum #Museum #Jaipur #Past #History #Royal #Royalty‚Ä¶ https",2020-09-06 01:03:00,8,2,3,,0,Textile | TextileDesigner | TextileGallery | MSMSIIMuseum | Museum | Jaipur | Past | History | Royal | Royalty,10,,https://pbs.twimg.com/media/EhN439rUwAAmyly.jpg
dw_environment,DW Global Ideas & Environment,https://twitter.com/dw_environment/status/1302977421948235782,"""The #textile industry is seen as one of the biggest #environmental #polluters, but that‚Äôs not to say that some designers aren‚Äôt employing eco-friendly practices, like, Ric√¢ncia Agira in Mozambique üßµ‚ôªÔ∏è‚úÇÔ∏è‚Ä¶ https",2020-09-07 07:30:00,12,6,1,,0,textile | environmental | polluters,3,,
poppyszaybo,poppyszaybo,https://twitter.com/poppyszaybo/status/1302143634603679745,"""Water droplets on mesh in a field of kohlrabi providing inspiration for new #textile pieces #Suffolk‚Ä¶ """,2020-09-05 00:16:00,6,,0,,0,textile | Suffolk,2,,https://pbs.twimg.com/media/EhIkutWXsAEDESS.jpg
azaone1,AZA-one,https://twitter.com/AZAone1/status/1302316617989226503,"""The baorisa hieroglyphica moth textil fabric embroidery wire ..#ArtistOnTwitter #embroidery #crafts #textile‚Ä¶ """,2020-09-05 11:44:00,3,1,0,,0,ArtistOnTwitter | embroidery | crafts | textile,4,,https://pbs.twimg.com/media/EhLBmIoXYAEK5WT.jpg
notsammyray,ùöúùöäùöñùöñùö¢ ùöõùöäùö¢ _ ùöãùöïùöñ,https://twitter.com/notsammyray/status/1302118614431141888,"""#LANA",2020-09-04 22:37:00,1,,0,,0,LANA,1,,
superyachtfan,SuperYachtFan,https://twitter.com/Superyachtfan/status/1302251619531264000,"""Just another day a the #office.
¬†
The new 107m (351ft) #Benetti yacht #Lana and the 140m (459ft) #Fincantieri #yacht Ocean Victory
¬†
üì∑ Raphael Belly via @Superyachtfan 
¬†
https",2020-09-05 07:25:00,3,2,0,Superyachtfan,1,office | Benetti | Lana | Fincantieri | yacht,5,,https://pbs.twimg.com/media/EhKG8ZIXgAIV3x_.jpg
,,https://twitter.com/babykasaa/status/1302013917342949389,"""Oha dur #seda‚Ä¶ """,2020-09-04 15:41:00,1,,1,,0,seda,1,,
trumatejidos,truma Tejidos,https://twitter.com/TRUMATEJIDOS/status/1300425329325101057,"""Hoy tenƒ´amos ganas de algo simple.. panal dos agujas seda o algod√≥n. REMERA Y LISTO! 
Tejemos para vos y enviamos a todo el pa√≠s.
#knitting #algod√≥n #seda #hechoamano‚úî #tiendaonlineargentina #tiendaderopa‚Ä¶ https",2020-08-31 06:28:00,,,0,,0,knitting | algod√≥n | seda | hechoamano | tiendaonlinearg | tiendaderopa,6,,
superyachtfan,SuperYachtFan,https://twitter.com/Superyachtfan/status/1302255054225891328,"""Crew ops
 
The new 107m (351ft) @BenettiYachts Lana
 
üì∑ Raphael Belly via @superyachtfan 
 
https",2020-09-05 07:39:00,6,4,0,BenettiYachts | superyachtfan,2,,0,,https://pbs.twimg.com/media/EhKKC8VWoAAfpSL.jpg
poopooheadshit,peanut tiddies,https://twitter.com/poopooheadshit/status/1301918778494648322,"""Me everyday",2020-09-04 09:23:00,1,,0,,0,,0,,https://pbs.twimg.com/media/EhFYOY9VkAIimz3.jpg
zocoup,ZocoUp.Marketplace,https://twitter.com/zocoup/status/1303024741779935233,"""#BUDA SILVER #escayola T√©cnica",2020-09-07 10:38:00,,,0,,0,BUDA | escayola,2,,https://pbs.twimg.com/media/EhVGGLUXYAIWr1c.jpg
teatroateatro,Teatro a Teatro,https://twitter.com/TeatroaTeatro/status/1301075108270927873,"""SEDA",2020-09-02 01:30:00,6,3,0,,0,,0,,https://pbs.twimg.com/media/Eg5WH1iWAAASU8H.jpg
palomitasconger,Palomitas Con Ger,https://twitter.com/PalomitasconGEr/status/1302169653230305280,"""Silk/Seda podr√≠a tener cabida en el universo de pel√≠culas de Sony Pictures. Est√°n valorando hacer una serie de acci√≥n real de la joven spidergirl del multiverso ar√°cnido. Podr√≠a ser llevada a cabo por Amazon; seg√∫n rumores.

#Silk #Seda #MultiversoAracnido #SonyPictures #Amazon‚Ä¶ https",2020-09-05 02:00:00,,,0,,0,Silk | Seda | MultiversoAracn | SonyPictures | Amazon,5,,https://pbs.twimg.com/media/EhI8ZkSXgAEbW3t.jpg
gredaelli,GIORGIO REDAELLI,https://twitter.com/GRedaelli/status/1300541277642072064,"""Pens√° en un color para tu #outfit...si, lo tenemos!! üî•

M√°s de 600 modelos distintos de camisas de puro algod√≥n italiano üáÆüáπ
Qu√© esperas para conocernos?! 

#GiorgioRedaelli üëî

https",2020-08-31 14:09:00,,,0,,0,outfit | GiorgioRedaelli,2,,https://pbs.twimg.com/media/EgxzYufXsAIahCK.jpg
celipizan,celipizan,https://twitter.com/celipizan/status/1302651021139742720,"""El verde menta vuelve a ser el color estrella del street style  .

#camisasmujer #charmiuse #seda #readytowear #celipizan https",2020-09-06 09:53:00,,,0,,0,camisasmujer | charmiuse | seda | readytowear | celipizan,5,,
museoseda,Museo de la Seda,https://twitter.com/MuseoSeda/status/1301435472703561729,"""Ha llegado #septiembre y, con √©l, los primeros frescos. En nuestra tienda encontrar√°s los pa√±uelos de #seda m√°s bonitos, ¬øcu√°l te gusta m√°s? ü§©
‚û°Ô∏è Horario de la tienda",2020-09-03 01:22:00,6,,0,,0,septiembre | seda,2,,https://pbs.twimg.com/media/Eg-gqE6WAAICp7-.jpg | https://pbs.twimg.com/media/Eg-gqE9XYAAGenb.jpg | https://pbs.twimg.com/media/Eg-gqE8XcAA1ELi.jpg | https://pbs.twimg.com/media/Eg-gqFNWkAE9gUE.jpg
,,https://twitter.com/efsaneadam1907/status/1302546504347979781,"""Her t√ºrl√º sƒ±kƒ±ntƒ±dan uzak, huzurun g√∂lgesinde ge√ßireceƒüiniz kƒ±ymetli g√ºnlerin √∂mr√ºn√ºze yayƒ±lmasƒ± dileƒüiyle Hayƒ±rlƒ± G√ºnler Hayƒ±rlƒ± Pazarlar 
#SEDA #HANIM‚Ä¶ https",2020-09-06 02:57:00,2,,1,,0,SEDA | HANIM,2,,
gomachan8663,„Ç¥„Éû„Éï„Ç¢„Ç∂„É©„Ç∑,https://twitter.com/gomachan8663/status/1300232396210491392,"""üìÖ2015Âπ¥1Êúà7Êó•(Ê∞¥)

„ÄéÔΩ¢SEDA 2ÊúàÂè∑(ÈÄ£Ëºâ „Å±„Çã„ÇãÊúçË£ÖÂ≠¶Èô¢vol.6)ÔΩ£Áô∫Â£≤Êó•„Äè

„Éë„Éë„ÅÆ‰ΩúÊ•≠ÁùÄüòÇ

#Â≥∂Â¥éÈÅ•È¶ô
#„Å±„Çã„Çã 
#SEDA 
#„Å±„Çã„ÇãÊúçË£ÖÂ≠¶Èô¢ 

‚ñº„Å±„Çã„ÇãÊñ∞Ë¶èFCÂÖ•‰ºö„ÅÆ„ÅîÊ°àÂÜÖ‚ñº
2020Âπ¥8Êúà‰∏≠„Å´ÂÖ•‰ºö&1Âπ¥Èñì‰ºöÂì°„ÇíÁ∂ôÁ∂ö„ÅßÔΩ¢„Å±„Çã„Çã„ÅÆ866ÂïèÔΩ£ÂÜäÂ≠ê„Éó„É¨„Çº„É≥„ÉàüéÅ
https",2020-08-30 17:42:00,9,,0,,0,Â≥∂Â¥éÈÅ•È¶ô | „Å±„Çã„Çã | SEDA | „Å±„Çã„ÇãÊúçË£ÖÂ≠¶Èô¢,4,,https://pbs.twimg.com/media/EgtaeT1U8AEXrB9.jpg
,,https://twitter.com/jssvgs/status/1302568818385055744,"""#Seda‚Ä¶ """,2020-09-06 04:26:00,,,0,,0,Seda,1,,https://pbs.twimg.com/media/EhOnbpDXcAIXHzJ.jpg
deedee8586,S. Boudaud,https://twitter.com/deedee8586/status/1302894810840346627,"""Help #earchivistes et pro du #SEDA",2020-09-07 02:01:00,2,,1,,0,earchivistes | SEDA,2,,
etrpoeta,@ETRpoeta Eli Ter√°n,https://twitter.com/ETRpoeta/status/1302664212163047429,"""""Ella (H√©l√®ne) le√≠a un libro en voz alta y eso le hac√≠a feliz porque pensaba que no hab√≠a otra voz tan bella como aquella en el mundo"".  H√©l√®ne es la esposa de Herv√© Joncour, comprador y vendedor de gusanos de seda. Recomiendo la lectura de #Seda de #AlessandroBaricco.‚Ä¶ https",2020-09-06 10:45:00,2,2,0,,0,Seda | AlessandroBaric,2,,https://pbs.twimg.com/media/EhP-McLWoAI9azR.jpg
,,https://twitter.com/Kiralik_Ask_Esp/status/1301960813029330944,"""Y m√°s personajes que nos regalar√°n mucho entretenimiento en 
üíç#ƒ∞yiG√ºndeK√∂t√ºG√ºnde üíç

‚ú®#DenizI≈üin ‚ú®#Seda
‚ú®#AliYaƒüci ‚ú®#Arda‚Ä¶ https",2020-09-04 12:10:00,13,3,0,,0,ƒ∞yiG√ºndeK√∂t√ºG√ºn | DenizI≈üin | Seda | AliYaƒüci | Arda,5,,https://pbs.twimg.com/media/EhF-aUgXkAE17SC.jpg | https://pbs.twimg.com/media/EhF-aUkWkAEodoD.jpg
thecipc,CIPC - the dtic Group,https://twitter.com/theCIPC/status/1301417151237152768,"""#inventorassistanceprogramme
#cipc
#thedtic
#seda
#nipmo‚Ä¶ """,2020-09-03 00:10:00,5,2,0,,0,inventorassista | cipc | thedtic | seda | nipmo,5,,https://pbs.twimg.com/media/Eg-P_95WoAAMgZV.jpg
elscriptcuenta,El Script cuenta,https://twitter.com/ElScriptcuenta/status/1302320951078649856,"""Amazon y Sony, est√°n negociando para preparar una serie de 'Seda' en Amazon Prime Video. A√∫n se encuentran en la primera etapa y todo podr√≠a cambiar. Aunque si va bien, podr√≠a ser la primera de varias series de los personajes Marvel que tiene los derechos Sony. 

#Seda #Marvel‚Ä¶ https",2020-09-05 12:01:00,6,1,0,,0,Seda | Marvel,2,,https://pbs.twimg.com/media/EhLGAF_WAAIgBkp.jpg
locodelcolor,Locodelcolor,https://twitter.com/locodelcolor/status/1301075992522432513,"""Trocitos de Sevilla en #seda. Mis #pa√±uelos‚Ä¶ """,2020-09-02 01:34:00,300,40,17,,0,seda | pa√±uelos,2,,https://pbs.twimg.com/media/Eg5Zr6FWAAA6eVe.jpg | https://pbs.twimg.com/media/Eg5ZtKUWkAER015.jpg
lilysaunderss,Lily Saunders,https://twitter.com/lilysaunderss/status/1300634387113861120,"""Here‚Äôs what you do when your kicking the footy #Seda #AFL @SEDACollegeVIC‚Ä¶ """,2020-08-31 20:19:00,,,0,SEDACollegeVIC,1,Seda | AFL,2,,
saskecdevprez,"Jennifer Brooks, SEDA",https://twitter.com/saskecdevprez/status/1302979977722425345,"""Have you signed up for the Destination Creation course offered by #SEDA? Help position your community for sucess while learning about destination business creation. Register by Sep 10 at https",2020-09-07 07:40:00,,,0,,0,SEDA,1,,https://pbs.twimg.com/media/EhUdYokWoAAhDTS.jpg
navrachanauni,Navrachana University,https://twitter.com/NavrachanaUni/status/1301382012041703425,"""#AdmissionsOpen to one of #Gujarat's premier universities. Enroll today for our #BDesign program.

To know more, visit - https",2020-09-02 21:50:00,2,1,0,,0,AdmissionsOpen | Gujarat | BDesign,3,,https://pbs.twimg.com/media/Eg9wBpdVgAEAapV.jpg
ladybunt,Ladybunt Royal ,https://twitter.com/ladybunt/status/1302195342058938368,"""Nylon from shoot for sale üë∏üèª

Anfragen an https",2020-09-05 03:42:00,49,9,0,,0,,0,,https://pbs.twimg.com/media/EhJTwQXWsAE6v7L.jpg | https://pbs.twimg.com/media/EhJTwQSWkAEQTyb.jpg
barkstonplastic,The Plastic People,https://twitter.com/barkstonplastic/status/1302879435910262784,"""Perhaps two of the most common plastics found in machinery are #Nylon and #Acetal so today we've prepared a guide all about their differences and applications. üè≠

Is there anything you would add? Let us know! üëá

#UKManufacturing #plastics #mondaymotivation #engineering‚Ä¶ https",2020-09-07 01:00:00,4,1,0,,0,Nylon | Acetal | UKManufacturing | plastics | mondaymotivatio | engineering,6,,https://pbs.twimg.com/media/EhTB8TeXcAInPOR.jpg | https://pbs.twimg.com/media/EhTB8TJX0AEz5dN.jpg | https://pbs.twimg.com/media/EhTB8T5XcAUV589.jpg | https://pbs.twimg.com/media/EhTB8VSWsAEp6NK.jpg
navrachanauni,Navrachana University,https://twitter.com/NavrachanaUni/status/1301145948215676928,"""An Architect's Journey - Lecture by Prof. Pratyush Shankar

Zoom Link",2020-09-02 06:12:00,,,0,,0,,0,,https://pbs.twimg.com/media/Eg6ZVi2U0AIb6eQ.jpg | https://pbs.twimg.com/media/Eg6ZVi4VgAEpFln.jpg
miaturn09036313,Mia Turner,https://twitter.com/MiaTurn09036313/status/1300246603677270016,"""Sexual union is a holy moment in which a part of Heaven flows into the Earth. #nylon #dirtytalk‚Ä¶ """,2020-08-30 18:38:00,,,0,,0,nylon | dirtytalk,2,,https://pbs.twimg.com/media/EgtnYo0WAAAo8hD.jpg
tickleuk,TickleTortureUK,https://twitter.com/TickleUk/status/1302744794624667649,"""My availability September 
7th-13th * 10am - 8pm Daily 

Same day bookings available 

#TickleTorture 
no mercy #Tickling 
#Nylon Tickle

‚òéÔ∏è+447775276054
Kent
Web",2020-09-06 16:05:00,5,,1,,0,TickleTorture | Tickling | Nylon,3,,https://pbs.twimg.com/media/EhRHfDdXkAAy5gc.jpg
cdkent41,KellyCDKent41,https://twitter.com/CdKent41/status/1301977743073128448,"""#crossdress #nylon #stockings please RT and add me for chat x‚Ä¶ """,2020-09-04 13:17:00,81,25,6,,0,crossdress | nylon | stockings,3,,https://pbs.twimg.com/media/EhGNyuZWAAA9dqL.jpg
carinaframe,carina frame,https://twitter.com/CarinaFrame/status/1302186697271046144,"""Gonna  turn that d * ck nice and  very hard for me? That's what  gets my p * ssy  hot. #nylon‚Ä¶ """,2020-09-05 03:07:00,1,1,0,,0,nylon,1,,https://pbs.twimg.com/media/EhJL4j0U4AE0R-z.jpg
zocoup,ZocoUp.Marketplace,https://twitter.com/zocoup/status/1301875418887319552,"""##MiCaballito Obra realizada en #papel de 300 gr. #T√©cnicamixta #pasteles #grafito #acr√≠licos #tintas 70x50 #EstoNOtienequePARAR #SalimosDeEsta.. Informacion",2020-09-04 06:31:00,,,0,,0,MiCaballito | papel | T√©cnicamixta | pasteles | grafito | acr√≠licos | tintas | EstoNOtienequeP | SalimosDeEsta,9,,https://pbs.twimg.com/media/EhEwyzFXcAEez9A.jpg
herrerosilvia_h,Silvia Herrero,https://twitter.com/herrerosilvia_h/status/1302949409404194823,"""Feather
Acrylics 70 x 50 cm

#art #arte #artist #artwork #acrylicpainting #acrylicart #acrilicosobrelienzo #acrilicpaint #acrilicos #acriliconcanvas #acrilicospersonalizados #feathers #feathers #feathered #pluma #plumas #piuma‚Ä¶ https",2020-09-07 05:38:00,,,0,,0,art | arte | artist | artwork | acrylicpainting | acrylicart | acrilicosobreli | acrilicpaint | acrilicos | acriliconcanvas | acrilicosperson | feathers | feathers | feathered | pluma | plumas | piuma,17,,https://pbs.twimg.com/media/EhUBk3bXkAAD_v4.jpg
ponybamba,Ponybamba,https://twitter.com/ponybamba/status/1301590661767061504,"""Anime",2020-09-03 11:39:00,1,,0,,0,,0,,https://pbs.twimg.com/media/EhAtzgsX0AAGiw9.jpg
cutiekittin, Miss Kittin ,https://twitter.com/CutieKittin/status/1300866546420592646,"""September 1st is here üòåüíô
#stockings #kneesocks #nylon #hosiery

Support me on",2020-09-01 11:42:00,423,49,3,,0,stockings | kneesocks | nylon | hosiery,4,,https://pbs.twimg.com/media/Eg2bOq0WsAENJlh.jpg
zocoup,ZocoUp.Marketplace,https://twitter.com/zocoup/status/1302976929646116865,"""YoSoyLaLlamaVioleta #Obra realizada en tabla(mdf 0,5mm) T√©cnica",2020-09-07 07:28:00,,,0,,0,Obra,1,,https://pbs.twimg.com/media/EhUanKUXsAAtMD5.jpg
bluemonkeyec,Blue Monkey Estudio,https://twitter.com/BlueMonkeyEC/status/1300944729471963137,"""¬°Llama la atenci√≥n con  #AVISOS #ACR√çLICOS RETROILUMINADOS! Avisos en acr√≠licos planos, volum√©trico y con todo tipo de iluminaci√≥n. Encuentra una soluci√≥n que se adapta a tus necesidades y presupuesto. 
¬°Cotiza en l√≠nea ahora! üëáüèº
üí¨ WP 310 7588850
üì® hola@bluemonkey.com.co‚Ä¶ https",2020-09-01 16:52:00,1,,0,,0,AVISOS | ACR√çLICOS,2,,https://pbs.twimg.com/media/Eg3iNcBWAAEvTvm.jpg
scriptumengrave,ScriptumEngraving,https://twitter.com/ScriptumEngrave/status/1301904303586783233,"""#scriptumengraving #acrilicos oficina‚Ä¶ """,2020-09-04 08:25:00,,,0,,0,scriptumengravi | acrilicos,2,,https://pbs.twimg.com/media/EhFLD2fXkAEKaXa.jpg
edelgador2015,EDUARDO DELGADO R,https://twitter.com/edelgador2015/status/1300770334203936768,"""Nueva imagen para nuevos servicios

#dise√±ografico #emprendedores #enprendimiento #grabadolaser #madera #acrilicos #coreldraw #articulospublicitarios en Puente Alto, Chile https",2020-09-01 05:19:00,,,0,,0,dise√±ografico | emprendedores | enprendimiento | grabadolaser | madera | acrilicos | coreldraw | articulospublic,8,,
neogabu99,Neo~ ,https://twitter.com/neogabu99/status/1302621709707743234,"""No es lo mio pintar sobre lienzos xd pero fue agradable uwu

#dibujo #dibujos #draw #drawing #drawling #acrilicosobrelienzo #acrilicos #lienzo #canvas #acrylics #acrylicsoncanvas #paisajes #landscape #art #arte #artist #artistsupport #supportartists‚Ä¶ https",2020-09-06 07:56:00,4,,0,,0,dibujo | dibujos | draw | drawing | drawling | acrilicosobreli | acrilicos | lienzo | canvas | acrylics | acrylicsoncanva | paisajes | landscape | art | arte | artist | artistsupport | supportartists,18,,https://pbs.twimg.com/media/EhPXhl4XYAAmZPF.jpg | https://pbs.twimg.com/media/EhPXij2XcAEcrn9.jpg
monaaart,Monart,https://twitter.com/Monaaart/status/1301243819028025355,"""El dibujo digital es muy divertido, pero nada se compara con lo tradicional, con mancharte las manos con pintura JAJAJA
.
.
.
.
#draw #drawing #artwork #traditionaltart #acrilicosobrelienzo #acrilicos #pintura‚Ä¶ https",2020-09-02 12:41:00,1,,0,,0,draw | drawing | artwork | traditionaltart | acrilicosobreli | acrilicos | pintura,7,,
edelgador2015,EDUARDO DELGADO R,https://twitter.com/edelgador2015/status/1300419061118107650,"""Ordenando el taller junto a studiod_diseno para brindar grandes servicios.
Siguenos en nuestras redes sociales

#dise√±ografico #grabadol√°ser #plotterdecorte #articulospublicitarios #madera #acrilicos en Macul,‚Ä¶ https",2020-08-31 06:03:00,,,0,,0,dise√±ografico | grabadol√°ser | plotterdecorte | articulospublic | madera | acrilicos,6,,
himhersa,Himher S.A.,https://twitter.com/HimherSA/status/1300508880246575106,"""¬°ADECUA TUS OFICINAS CON PANTALLAS ACR√çLICAS Y MET√ÅLICAS!

‚¨áAgenda tu asesor√≠a‚¨á
üìûWhatsApp",2020-08-31 12:00:00,,,0,,0,,0,,
brauntattoo,Braun,https://twitter.com/brauntattoo/status/1301246038615961604,"""üé®üé®üñåalgo que tengo que retomar pronto....#pintando #pinceles #acrilicos #acrillicspainting #japan https",2020-09-02 12:50:00,,,0,,0,pintando | pinceles | acrilicos | acrillicspainti | japan,5,,
disenandopy,Dise√±ando Recuerdos Py,https://twitter.com/DisenandoPy/status/1301173247531274245,"""No son filtros !!!! 
Son los colores m√°s vivos y hermosos de los #√≥leos y #acr√≠licos que utilizamos para este hermoso cuadro sobre lienzo. ü§©üé®üñåÔ∏è  
 Hace tu pedido al 0972195598

#cuadrospersonalizados
#cuadros‚Ä¶ https",2020-09-02 08:00:00,,,0,,0,√≥leos | acr√≠licos | cuadrospersonal | cuadros,4,,
evagrande_art,Eva Grande,https://twitter.com/evagrande_art/status/1302213039832338433,"""#artistspainters #contemporaryart #artecontempor√°neo #acrylicpainting #acrilicos #madera #arteespanol #galleryartworld #pinturaacrilica #museo #modernart #spainüá™üá∏ https",2020-09-05 04:52:00,,,0,,0,artistspainters | contemporaryart | artecontempor√°n | acrylicpainting | acrilicos | madera | arteespanol | galleryartworld | pinturaacrilica | museo | modernart | spain,12,,
krenecito,Rub√©n Galgo,https://twitter.com/krenecito/status/1301233488063070209,"""#modelismo #escenograf√≠a #pinturas #miniaturas #dioramas #colores #dise√±o #branding #historia #innovaci√≥n #AlwaysVallejo #wargames #rol #vallejo #acr√≠licos #acrylics #Terrain #Encounter #miniatures 
üëáüëáüëáüëáüëá https",2020-09-02 12:00:00,2,1,0,,0,modelismo | escenograf√≠a | pinturas | miniaturas | dioramas | colores | dise√±o | branding | historia | innovaci√≥n | AlwaysVallejo | wargames | rol | vallejo | acr√≠licos | acrylics | Terrain | Encounter | miniatures,19,,
edtol02,Eduard Toledo,https://twitter.com/Edtol02/status/1300507740599533568,"""Terminan las vacaciones, sigo pintando como ni√±o. #arteencasa #pasatiempo #pintura #acrilicos en Comunidad Valenciana, Spain https",2020-08-31 11:56:00,,,0,,0,arteencasa | pasatiempo | pintura | acrilicos,4,,
brandstocker,BrandStocker,https://twitter.com/BrandStocker/status/1301910278351843330,"""¬øSabes que @vallejocolors empez√≥ fabricando pintura para la industria de la animaci√≥n? Hicieron pinturas para Hanna-Barbera, los padres creativos de Los Picapiedra, El Oso Yogui, Los Autos Locos, Scooby-Doo....
#AlwaysVallejo #Acrilicos, #Pinturas #Innovacion #Miniaturas‚Ä¶ https",2020-09-04 08:49:00,9,5,0,vallejocolors,1,AlwaysVallejo | Acrilicos | Pinturas | Innovacion | Miniaturas,5,,https://pbs.twimg.com/media/EhFQf7OWkAgrTCU.jpg
mariantrendnail,Mariangel Trend Nails,https://twitter.com/mariantrendnail/status/1301940058484809728,"""Q Monomer 1lts!!! EzFloW 
.
.
.
.‚¨áÔ∏è‚¨áÔ∏è‚¨áÔ∏è‚¨áÔ∏è‚¨áÔ∏è‚¨áÔ∏è‚¨áÔ∏è‚¨áÔ∏è‚¨áÔ∏è‚¨áÔ∏è‚¨áÔ∏è
.
.
.üì≤0412.520.80.09
. üööüáªüá™
 üõí mayor y detal!
.
.‚¨áÔ∏è‚¨áÔ∏è‚¨áÔ∏è‚¨áÔ∏è‚¨áÔ∏è‚¨áÔ∏è‚¨áÔ∏è‚¨áÔ∏è‚¨áÔ∏è‚¨áÔ∏è‚¨áÔ∏è

#u√±asacr√≠licas #monomero #acrilico #nailssystem #nailsoftheday #acr√≠licos‚Ä¶ https",2020-09-04 10:47:00,,,0,,0,u√±asacr√≠licas | monomero | acrilico | nailssystem | nailsoftheday | acr√≠licos,6,,
citliely,ùï∞ùñëùñéùñüùñÜùñáùñäùñôùñç,https://twitter.com/CitliEly/status/1300111517061451776,"""üê∫ #CitliEly #drawing #painting #acrilicos #wolf https",2020-08-30 09:41:00,,,0,,0,CitliEly | drawing | painting | acrilicos | wolf,5,,
lanalabs,LANA,https://twitter.com/LanaLabs/status/1302949122257940481,"""We are very much looking forward to the release of our new #ETL tool #LANA Connect, which we will celebrate with a virtual launch event on Wednesday, 23 September 2020. Check out the agenda and join us for interesting talks and inspiring guests üëâ https",2020-09-07 05:37:00,3,,0,,0,ETL | LANA,2,,https://pbs.twimg.com/media/EhUBRW6XgAAtlGW.png
theclosedfist,The Closed Fist,https://twitter.com/TheClosedFist/status/1302725675716169733,"""For the love of god Really??? #Lana #WWE

https",2020-09-06 14:49:00,41,8,13,,0,Lana | WWE,2,,
sonirubius, ùíÆùí∂ùìÇùí∑ùíæùìÅ ,https://twitter.com/Sonirubius/status/1302009139523092480,"""Lana in witch outfit‚ú®

#Lana #witch #myart #Magic‚Ä¶ """,2020-09-04 15:22:00,53,3,5,,0,Lana | witch | myart | Magic,4,,https://pbs.twimg.com/media/EhGqZ0UXYAATZA8.jpg
dubrovniktimes,The Dubrovnik Times,https://twitter.com/DubrovnikTimes/status/1300726092211408896,"""VIDEO ‚Äì Superyacht Lana in #Dubrovnik waters - $1.7 million weekly charter
https",2020-09-01 02:24:00,3,2,0,,0,Dubrovnik,1,,https://pbs.twimg.com/media/Eg0bfO5XkAAywpp.jpg
venicebich,ùìôùìæùìºùìΩùì≤ùì∑,https://twitter.com/venicebich/status/1302309137414524934,"""Hope is a dangerous thing for a dumb bitch like me to have - but I have it üò≠ #LanaDelRey #lana #ChemTrailsOverTheCountryClub‚Ä¶ https",2020-09-05 11:14:00,17,2,1,,0,LanaDelRey | lana | ChemTrailsOverT,3,,https://pbs.twimg.com/media/EhK7QVQXgAAPv7e.jpg
,,https://twitter.com/shahmukesh012/status/1302154470109843457,"""Have A Great And Wonderful Weekend #Lana‚Ä¶ https",2020-09-05 00:59:00,3,5,0,,0,Lana,1,,https://pbs.twimg.com/media/EhIulloU4AABzs6.jpg
yeorinxx,–∞–π–µ–Ω : INÁîü ,https://twitter.com/yeorinxx/status/1301598612380700673,INÁîü ü§üüèª on Twitter,2020-09-03 12:11:00,6,,0,,0,,0,,https://pbs.twimg.com/media/EhA1CSPXgAI8UDc.jpg | https://pbs.twimg.com/media/EhA1CSQXcAAVy4u.jpg
7uckyvita,7ucky Vita,https://twitter.com/7uckyvita/status/1302395607856930817,"""When you talk it‚Äôs like a movie and you‚Äôre making me crazy... cause life imitates art.
.
.
.
#godsandmonsters #lanadelrey #curls #curlyhair #curly #curlyhairdontcare #gay #queer #vampire #lana #porchlife‚Ä¶ https",2020-09-05 16:58:00,1,,0,,0,godsandmonsters | lanadelrey | curls | curlyhair | curly | curlyhairdontca | gay | queer | vampire | lana | porchlife,11,,
xoc3anx,filip√®,https://twitter.com/xoc3anx/status/1302722467417542656,"""a serve... #lanadelrey #delrey #lana‚Ä¶ """,2020-09-06 14:36:00,4,,0,,0,lanadelrey | delrey | lana,3,,https://pbs.twimg.com/media/EhQzLRNXcAAu8Yo.jpg
andrea_addict,AJ FANATIC ‚Ñ¢,https://twitter.com/andrea_addict/status/1301851719911968768,"""Mallu actress Lana wet navel show
ü§§üëÖüëÖüëÖ
#lana
#25kFollowers‚Ä¶ """,2020-09-04 04:56:00,135,33,0,,0,lana | 25kFollowers,2,,
area51security1,Day,https://twitter.com/Area51security1/status/1302368077703557123,"""Me knowing lana delrey wont drop chemtrails over the country club today. #lana‚Ä¶ """,2020-09-05 15:08:00,1,,0,,0,lana,1,,
pwstream,PWStream,https://twitter.com/PWStream/status/1302324487279579137,"""#Lana FURIOUS About Report That #WWE Third Party Ban Is Her Fault
https",2020-09-05 12:15:00,8,1,1,,0,Lana | WWE,2,,
cleverfashionm,Clever Fashion Media,https://twitter.com/CleverFashionM/status/1301127140050690048,"""Clever Fashion Magazine #modeling #fashionmagazine #COVERGIRL #fashionshoot #TwitterFriends #CleverFashionMedia #fashionblogger #TwitterTrends  #mallugirl #malluactress #lanaroase #lana 
Free to Download full magazine
‚û°Ô∏è https",2020-09-02 04:57:00,35,6,1,,0,modeling | fashionmagazine | COVERGIRL | fashionshoot | TwitterFriends | CleverFashionMe | fashionblogger | TwitterTrends | mallugirl | malluactress | lanaroase | lana,12,,https://pbs.twimg.com/media/Eg6IPMJWkAABPDg.jpg
brogangregson99,brogan ,https://twitter.com/brogangregson99/status/1303039003894185985,"""DIET MTN DEW - @LanaDelRey cover ‚ù§Ô∏èüôå

#lanadelreycover #lanadelrey #singing #singer #cover #vocals #lana #lanadelreyfans #guitar #borntodieera #borntodie

https",2020-09-07 11:34:00,,,0,LanaDelRey,1,lanadelreycover | lanadelrey | singing | singer | cover | vocals | lana | lanadelreyfans | guitar | borntodieera | borntodie,11,,
hicc_lana,LANA,https://twitter.com/Hicc_LANA/status/1302788887417204737,"""Fighting this week! ( ‚óç‚Ä¢„â¶‚Ä¢‚óç )‚ô°

#HICC
#LANA #ÎùºÎÇò
#LUMINOUS‚Ä¶ """,2020-09-06 19:00:00,"1,176",85,60,,0,HICC | LANA | ÎùºÎÇò | LUMINOUS,4,,
witchlanadel,Lanadel_witch,https://twitter.com/WitchLanadel/status/1300047208037969921,"""Lana Del Rey our Queen of disaster ‚ù§Ô∏è
.
@lanadelrey
.#lanadelrey #lana #lanadelreyedit #lanadelray #lanadelreyedits #lanadelreytattoo #lanadelreysummertimesadness #lanadelreyphoto #lanadelreyphotoshoot‚Ä¶ https",2020-08-30 05:26:00,3,2,0,lanadelrey,1,lanadelrey | lana | lanadelreyedit | lanadelray | lanadelreyedits | lanadelreytatto | lanadelreysumme | lanadelreyphoto | lanadelreyphoto,9,,
